AfterEnd-Brake-Right1	<emphasis level="strong">na de finish</emphasis> <emphasis level="strong">rem</emphasis> <emphasis level="strong">1 rechts</emphasis>
AfterEnd-Left3-AtTheJunction-Narrows-OverCrest	<emphasis level="strong">na de finish</emphasis> <emphasis level="strong">3 links</emphasis>  <emphasis level="strong">versmalt</emphasis> <emphasis level="strong">over kam</emphasis>
AfterEnd-Right3-Tightens	<emphasis level="strong">na de finish</emphasis> <emphasis level="strong">3 rechts</emphasis> <emphasis level="strong">sluit</emphasis>
AfterFinish-Brake-Left4-Tighten2	 <emphasis level="strong">rem</emphasis> <emphasis level="strong">4 links</emphasis> <emphasis level="strong">sluit 2</emphasis>
And-Caution-Right5	en <emphasis level="strong">attentie</emphasis> <emphasis level="strong">5 rechts</emphasis>
And-KinksStartingLeft	en <emphasis level="strong">kronkel begint links</emphasis>
And-KinksStartingLeft-DontCut	en <emphasis level="strong">kronkel begint links</emphasis> <emphasis level="strong">niet snijden</emphasis>
And-KinksStartingLeft-OverCrest	en <emphasis level="strong">kronkel begint links</emphasis> <emphasis level="strong">over kam</emphasis>
And-KinksStartingRight	en <emphasis level="strong">kronkel begint rechts</emphasis>
And-KinksStartingRight-Brake	en <emphasis level="strong">kronkel begint rechts</emphasis> <emphasis level="strong">rem</emphasis>
And-KinksStartingRight-OverBumps	en <emphasis level="strong">kronkel begint rechts</emphasis> <emphasis level="strong">over hobbels</emphasis>
And-Left1-DontCut	en <emphasis level="strong">1 links</emphasis> <emphasis level="strong">niet snijden</emphasis>
And-Left2	en <emphasis level="strong">2 links</emphasis>
And-Left2-Long	en <emphasis level="strong">2 links</emphasis> <emphasis level="strong">lang</emphasis>
And-Left2-Long-TightensLate	en <emphasis level="strong">2 links</emphasis> <emphasis level="strong">lang</emphasis> <emphasis level="strong">sluit laat</emphasis>
And-Left2-Opens	en <emphasis level="strong">2 links</emphasis> <emphasis level="strong">opent</emphasis>
And-Left2-OpensLate	en <emphasis level="strong">2 links</emphasis> <emphasis level="strong">opent laat</emphasis>
And-Left2-Short	en <emphasis level="strong">2 links</emphasis> <emphasis level="strong">kort</emphasis>
And-Left2-Tightens	en <emphasis level="strong">2 links</emphasis> <emphasis level="strong">sluit</emphasis>
And-Left2-Tightens-Caution-ThroughGate	en <emphasis level="strong">2 links</emphasis> <emphasis level="strong">sluit</emphasis> <emphasis level="strong">attentie</emphasis> <emphasis level="strong">door poort</emphasis>
And-Left2-TightensLate	en <emphasis level="strong">2 links</emphasis> <emphasis level="strong">sluit laat</emphasis>
And-Left3	en <emphasis level="strong">3 links</emphasis>
And-Left3-Cut	en <emphasis level="strong">3 links</emphasis> <emphasis level="strong">snijden</emphasis>
And-Left3-DontCut	en <emphasis level="strong">3 links</emphasis> <emphasis level="strong">niet snijden</emphasis>
And-Left3-Long	en <emphasis level="strong">3 links</emphasis> <emphasis level="strong">lang</emphasis>
And-Left3-Long-TightensLate	en <emphasis level="strong">3 links</emphasis> <emphasis level="strong">lang</emphasis> <emphasis level="strong">sluit laat</emphasis>
And-Left3-Opens	en <emphasis level="strong">3 links</emphasis> <emphasis level="strong">opent</emphasis>
And-Left3-Opens-VeryLong	en <emphasis level="strong">3 links</emphasis> <emphasis level="strong">opent</emphasis> <emphasis level="strong">extra lang</emphasis>
And-Left3-Short	en <emphasis level="strong">3 links</emphasis> <emphasis level="strong">kort</emphasis>
And-Left3-Tighten2	en <emphasis level="strong">3 links</emphasis> <emphasis level="strong">sluit 2</emphasis>
And-Left3-Tighten2-Late	en <emphasis level="strong">3 links</emphasis> <emphasis level="strong">sluit 2</emphasis> <emphasis level="strong">laat</emphasis>
And-Left3-Tightens	en <emphasis level="strong">3 links</emphasis> <emphasis level="strong">sluit</emphasis>
And-Left3-TightensLate	en <emphasis level="strong">3 links</emphasis> <emphasis level="strong">sluit laat</emphasis>
And-Left4	en <emphasis level="strong">4 links</emphasis>
And-Left4-Brake	en <emphasis level="strong">4 links</emphasis> <emphasis level="strong">rem</emphasis>
And-Left4-Caution-LogsOutside	en <emphasis level="strong">4 links</emphasis> <emphasis level="strong">attentie</emphasis> <emphasis level="strong">boomstammen buiten</emphasis>
And-Left4-DontCut	en <emphasis level="strong">4 links</emphasis> <emphasis level="strong">niet snijden</emphasis>
And-Left4-Long	en <emphasis level="strong">4 links</emphasis> <emphasis level="strong">lang</emphasis>
And-Left4-Long-DontCut	en <emphasis level="strong">4 links</emphasis> <emphasis level="strong">lang</emphasis> <emphasis level="strong">niet snijden</emphasis>
And-Left4-Long-Opens	en <emphasis level="strong">4 links</emphasis> <emphasis level="strong">lang</emphasis> <emphasis level="strong">opent</emphasis>
And-Left4-OverCrest	en <emphasis level="strong">4 links</emphasis> <emphasis level="strong">over kam</emphasis>
And-Left4-Short	en <emphasis level="strong">4 links</emphasis> <emphasis level="strong">kort</emphasis>
And-Left4-Short-DontCut	en <emphasis level="strong">4 links</emphasis> <emphasis level="strong">kort</emphasis> <emphasis level="strong">niet snijden</emphasis>
And-Left4-Tightens	en <emphasis level="strong">4 links</emphasis> <emphasis level="strong">sluit</emphasis>
And-Left4-VeryLong	en <emphasis level="strong">4 links</emphasis> <emphasis level="strong">extra lang</emphasis>
And-Left5	en <emphasis level="strong">5 links</emphasis>
And-Left5-Brake	en <emphasis level="strong">5 links</emphasis> <emphasis level="strong">rem</emphasis>
And-Left5-DontCut	en <emphasis level="strong">5 links</emphasis> <emphasis level="strong">niet snijden</emphasis>
And-Left5-Long	en <emphasis level="strong">5 links</emphasis> <emphasis level="strong">lang</emphasis>
And-Left5-Long-Tighten4-Caution-BadCamber	en <emphasis level="strong">5 links</emphasis> <emphasis level="strong">lang</emphasis> <emphasis level="strong">sluit 4</emphasis> <emphasis level="strong">attentie</emphasis> <emphasis level="strong">slechte camber</emphasis>
And-Left5-OverCrest	en <emphasis level="strong">5 links</emphasis> <emphasis level="strong">over kam</emphasis>
And-Left5-OverCrest-GoStraight	en <emphasis level="strong">5 links</emphasis> <emphasis level="strong">over kam</emphasis> <emphasis level="strong">rechtdoor</emphasis>
And-Left5-Short	en <emphasis level="strong">5 links</emphasis> <emphasis level="strong">kort</emphasis>
And-Left5-Tighten4-Late	en <emphasis level="strong">5 links</emphasis> <emphasis level="strong">sluit 4</emphasis> <emphasis level="strong">laat</emphasis>
And-Left5-VeryLong-Tighten4-Late	en <emphasis level="strong">5 links</emphasis> <emphasis level="strong">extra lang</emphasis> <emphasis level="strong">sluit 4</emphasis> <emphasis level="strong">laat</emphasis>
And-Left6	en <emphasis level="strong">6 links</emphasis>
And-Left6-Caution-DitchInside	en <emphasis level="strong">6 links</emphasis> <emphasis level="strong">attentie</emphasis> <emphasis level="strong">greppel binnen</emphasis>
And-LeftFlat	en <emphasis level="strong">vol links</emphasis>
And-LeftFlat-Long-OverCrest-KeepOut	en <emphasis level="strong">vol links</emphasis> <emphasis level="strong">lang</emphasis> <emphasis level="strong">over kam</emphasis> <emphasis level="strong">houd buiten</emphasis>
And-LeftKink	en <emphasis level="strong">kronkel links</emphasis>
And-Right2	en <emphasis level="strong">2 rechts</emphasis>
And-Right2-Caution-DitchOutside	en <emphasis level="strong">2 rechts</emphasis> <emphasis level="strong">attentie</emphasis> <emphasis level="strong">greppel buiten</emphasis>
And-Right2-Late	en <emphasis level="strong">2 rechts</emphasis> <emphasis level="strong">laat</emphasis>
And-Right2-Long	en <emphasis level="strong">2 rechts</emphasis> <emphasis level="strong">lang</emphasis>
And-Right2-Long-Opens	en <emphasis level="strong">2 rechts</emphasis> <emphasis level="strong">lang</emphasis> <emphasis level="strong">opent</emphasis>
And-Right2-Narrows	en <emphasis level="strong">2 rechts</emphasis> <emphasis level="strong">versmalt</emphasis>
And-Right2-Opens	en <emphasis level="strong">2 rechts</emphasis> <emphasis level="strong">opent</emphasis>
And-Right2-ThroughTunnel	en <emphasis level="strong">2 rechts</emphasis> <emphasis level="strong">door tunnel</emphasis>
And-Right2-Tightens	en <emphasis level="strong">2 rechts</emphasis> <emphasis level="strong">sluit</emphasis>
And-Right2-TightensLate-DontCut	en <emphasis level="strong">2 rechts</emphasis> <emphasis level="strong">sluit laat</emphasis> <emphasis level="strong">niet snijden</emphasis>
And-Right3	en <emphasis level="strong">3 rechts</emphasis>
And-Right3-Cut	en <emphasis level="strong">3 rechts</emphasis> <emphasis level="strong">snijden</emphasis>
And-Right3-KeepIn	en <emphasis level="strong">3 rechts</emphasis> <emphasis level="strong">houd binnen</emphasis>
And-Right3-Long	en <emphasis level="strong">3 rechts</emphasis> <emphasis level="strong">lang</emphasis>
And-Right3-Narrows-DontCut	en <emphasis level="strong">3 rechts</emphasis> <emphasis level="strong">versmalt</emphasis> <emphasis level="strong">niet snijden</emphasis>
And-Right3-Opens	en <emphasis level="strong">3 rechts</emphasis> <emphasis level="strong">opent</emphasis>
And-Right3-OverCrest	en <emphasis level="strong">3 rechts</emphasis> <emphasis level="strong">over kam</emphasis>
And-Right3-Short	en <emphasis level="strong">3 rechts</emphasis> <emphasis level="strong">kort</emphasis>
And-Right3-Short-KeepIn	en <emphasis level="strong">3 rechts</emphasis> <emphasis level="strong">kort</emphasis> <emphasis level="strong">houd binnen</emphasis>
And-Right3-Tighten2-Late	en <emphasis level="strong">3 rechts</emphasis> <emphasis level="strong">sluit 2</emphasis> <emphasis level="strong">laat</emphasis>
And-Right3-Tightens	en <emphasis level="strong">3 rechts</emphasis> <emphasis level="strong">sluit</emphasis>
And-Right3-TightensLate-SmallCut	en <emphasis level="strong">3 rechts</emphasis> <emphasis level="strong">sluit laat</emphasis> <emphasis level="strong">beetje snijden</emphasis>
And-Right3-VeryLong	en <emphasis level="strong">3 rechts</emphasis> <emphasis level="strong">extra lang</emphasis>
And-Right3-VeryLong-Opens	en <emphasis level="strong">3 rechts</emphasis> <emphasis level="strong">extra lang</emphasis> <emphasis level="strong">opent</emphasis>
And-Right3-VeryLong-TightensLate	en <emphasis level="strong">3 rechts</emphasis> <emphasis level="strong">extra lang</emphasis> <emphasis level="strong">sluit laat</emphasis>
And-Right4	en <emphasis level="strong">4 rechts</emphasis>
And-Right4-BigCut	en <emphasis level="strong">4 rechts</emphasis> <emphasis level="strong">ruim snijden</emphasis>
And-Right4-DontCut	en <emphasis level="strong">4 rechts</emphasis> <emphasis level="strong">niet snijden</emphasis>
And-Right4-Long	en <emphasis level="strong">4 rechts</emphasis> <emphasis level="strong">lang</emphasis>
And-Right4-Long-KeepIn	en <emphasis level="strong">4 rechts</emphasis> <emphasis level="strong">lang</emphasis> <emphasis level="strong">houd binnen</emphasis>
And-Right4-Long-Opens	en <emphasis level="strong">4 rechts</emphasis> <emphasis level="strong">lang</emphasis> <emphasis level="strong">opent</emphasis>
And-Right4-Long-OpensLate	en <emphasis level="strong">4 rechts</emphasis> <emphasis level="strong">lang</emphasis> <emphasis level="strong">opent laat</emphasis>
And-Right4-Long-OverCrest	en <emphasis level="strong">4 rechts</emphasis> <emphasis level="strong">lang</emphasis> <emphasis level="strong">over kam</emphasis>
And-Right4-Long-Tighten2-Late	en <emphasis level="strong">4 rechts</emphasis> <emphasis level="strong">lang</emphasis> <emphasis level="strong">sluit 2</emphasis> <emphasis level="strong">laat</emphasis>
And-Right4-Narrows	en <emphasis level="strong">4 rechts</emphasis> <emphasis level="strong">versmalt</emphasis>
And-Right4-Narrows-OverBridge	en <emphasis level="strong">4 rechts</emphasis> <emphasis level="strong">versmalt</emphasis> <emphasis level="strong">over brug</emphasis>
And-Right4-Opens	en <emphasis level="strong">4 rechts</emphasis> <emphasis level="strong">opent</emphasis>
And-Right4-OverBumps	en <emphasis level="strong">4 rechts</emphasis> <emphasis level="strong">over hobbels</emphasis>
And-Right4-OverCrest	en <emphasis level="strong">4 rechts</emphasis> <emphasis level="strong">over kam</emphasis>
And-Right4-Short	en <emphasis level="strong">4 rechts</emphasis> <emphasis level="strong">kort</emphasis>
And-Right4-Tightens	en <emphasis level="strong">4 rechts</emphasis> <emphasis level="strong">sluit</emphasis>
And-Right4-TightensLate	en <emphasis level="strong">4 rechts</emphasis> <emphasis level="strong">sluit laat</emphasis>
And-Right4-VeryLong	en <emphasis level="strong">4 rechts</emphasis> <emphasis level="strong">extra lang</emphasis>
And-Right4-VeryLong-TightensLate	en <emphasis level="strong">4 rechts</emphasis> <emphasis level="strong">extra lang</emphasis> <emphasis level="strong">sluit laat</emphasis>
And-Right4-Widens	en <emphasis level="strong">4 rechts</emphasis> <emphasis level="strong">verruimt</emphasis>
And-Right5	en <emphasis level="strong">5 rechts</emphasis>
And-Right5-Brake	en <emphasis level="strong">5 rechts</emphasis> <emphasis level="strong">rem</emphasis>
And-Right5-Cut	en <emphasis level="strong">5 rechts</emphasis> <emphasis level="strong">snijden</emphasis>
And-Right5-KeepIn	en <emphasis level="strong">5 rechts</emphasis> <emphasis level="strong">houd binnen</emphasis>
And-Right5-Long	en <emphasis level="strong">5 rechts</emphasis> <emphasis level="strong">lang</emphasis>
And-Right5-Long-OverBumps	en <emphasis level="strong">5 rechts</emphasis> <emphasis level="strong">lang</emphasis> <emphasis level="strong">over hobbels</emphasis>
And-Right5-Short	en <emphasis level="strong">5 rechts</emphasis> <emphasis level="strong">kort</emphasis>
And-Right5-Tighten4-Long	en <emphasis level="strong">5 rechts</emphasis> <emphasis level="strong">sluit 4</emphasis> <emphasis level="strong">lang</emphasis>
And-Right6	en <emphasis level="strong">6 rechts</emphasis>
And-Right6-DontCut-Into	en <emphasis level="strong">6 rechts</emphasis> <emphasis level="strong">niet snijden</emphasis> naar
And-Right6-Long	en <emphasis level="strong">6 rechts</emphasis> <emphasis level="strong">lang</emphasis>
And-Right6-Short	en <emphasis level="strong">6 rechts</emphasis> <emphasis level="strong">kort</emphasis>
And-Right6-VeryLong-Tighten5-Late	en <emphasis level="strong">6 rechts</emphasis> <emphasis level="strong">extra lang</emphasis> <emphasis level="strong">sluit 5</emphasis> <emphasis level="strong">laat</emphasis>
And-RightFlat	en <emphasis level="strong">vol rechts</emphasis>
And-RightKink	en <emphasis level="strong">kronkel rechts</emphasis>
And-RightSquare-DontCut	en <emphasis level="strong">haaks rechts</emphasis> <emphasis level="strong">niet snijden</emphasis>
And-Sudden-Right3-KeepIn	en <emphasis level="strong">directe</emphasis> <emphasis level="strong">3 rechts</emphasis> <emphasis level="strong">houd binnen</emphasis>
And-Sudden-Right3-Short	en <emphasis level="strong">directe</emphasis> <emphasis level="strong">3 rechts</emphasis> <emphasis level="strong">kort</emphasis>
And-Sudden-Right4-Opens	en <emphasis level="strong">directe</emphasis> <emphasis level="strong">4 rechts</emphasis> <emphasis level="strong">opent</emphasis>
And-Sudden-Right5-Short	en <emphasis level="strong">directe</emphasis> <emphasis level="strong">5 rechts</emphasis> <emphasis level="strong">kort</emphasis>
And-TightensLate	en <emphasis level="strong">sluit laat</emphasis>
Brake-And-StopAtMarshals	<emphasis level="strong">rem</emphasis> en <emphasis level="strong">stop bij de marshals</emphasis>
Brake-Into-Left1-Long	<emphasis level="strong">rem</emphasis> naar <emphasis level="strong">1 links</emphasis> <emphasis level="strong">lang</emphasis>
Brake-Into-Left2	<emphasis level="strong">rem</emphasis> naar <emphasis level="strong">2 links</emphasis>
Brake-Into-Left3-Tightens	<emphasis level="strong">rem</emphasis> naar <emphasis level="strong">3 links</emphasis> <emphasis level="strong">sluit</emphasis>
Brake-Into-LeftHP	<emphasis level="strong">rem</emphasis> naar <emphasis level="strong">haarspeld links</emphasis>
Brake-Into-Right1-Opens	<emphasis level="strong">rem</emphasis> naar <emphasis level="strong">1 rechts</emphasis> <emphasis level="strong">opent</emphasis>
Brake-Into-Right2-Tightens	<emphasis level="strong">rem</emphasis> naar <emphasis level="strong">2 rechts</emphasis> <emphasis level="strong">sluit</emphasis>
Brake-Into-Right2-VeryLong-TightensLate	<emphasis level="strong">rem</emphasis> naar <emphasis level="strong">2 rechts</emphasis> <emphasis level="strong">extra lang</emphasis> <emphasis level="strong">sluit laat</emphasis>
Brake-Into-Right3	<emphasis level="strong">rem</emphasis> naar <emphasis level="strong">3 rechts</emphasis>
Brake-Into-Right4-Long	<emphasis level="strong">rem</emphasis> naar <emphasis level="strong">4 rechts</emphasis> <emphasis level="strong">lang</emphasis>
Brake-Into-RightHP	<emphasis level="strong">rem</emphasis> naar <emphasis level="strong">haarspeld rechts</emphasis>
Brake-KeepRight-Right4	<emphasis level="strong">rem</emphasis> <emphasis level="strong">houd rechts</emphasis> <emphasis level="strong">4 rechts</emphasis>
Brake-Left1	<emphasis level="strong">rem</emphasis> <emphasis level="strong">1 links</emphasis>
Brake-Left2-Long	<emphasis level="strong">rem</emphasis> <emphasis level="strong">2 links</emphasis> <emphasis level="strong">lang</emphasis>
Brake-Left3	<emphasis level="strong">rem</emphasis> <emphasis level="strong">3 links</emphasis>
Brake-Left3-Tighten2	<emphasis level="strong">rem</emphasis> <emphasis level="strong">3 links</emphasis> <emphasis level="strong">sluit 2</emphasis>
Brake-Left3-Tightens	<emphasis level="strong">rem</emphasis> <emphasis level="strong">3 links</emphasis> <emphasis level="strong">sluit</emphasis>
Brake-Left4	<emphasis level="strong">rem</emphasis> <emphasis level="strong">4 links</emphasis>
Brake-Left4-Tightens	<emphasis level="strong">rem</emphasis> <emphasis level="strong">4 links</emphasis> <emphasis level="strong">sluit</emphasis>
Brake-LeftAcuteHP	<emphasis level="strong">rem</emphasis> <emphasis level="strong">scherpe haarspeld links</emphasis>
Brake-LeftHP	<emphasis level="strong">rem</emphasis> <emphasis level="strong">haarspeld links</emphasis>
Brake-Right2-Long	<emphasis level="strong">rem</emphasis> <emphasis level="strong">2 rechts</emphasis> <emphasis level="strong">lang</emphasis>
Brake-Right2-Opens	<emphasis level="strong">rem</emphasis> <emphasis level="strong">2 rechts</emphasis> <emphasis level="strong">opent</emphasis>
Brake-Right2-Tighten1	<emphasis level="strong">rem</emphasis> <emphasis level="strong">2 rechts</emphasis> <emphasis level="strong">sluit 1</emphasis>
Brake-Right3-Long-TightensLate	<emphasis level="strong">rem</emphasis> <emphasis level="strong">3 rechts</emphasis> <emphasis level="strong">lang</emphasis> <emphasis level="strong">sluit laat</emphasis>
Brake-Right4	<emphasis level="strong">rem</emphasis> <emphasis level="strong">4 rechts</emphasis>
Brake-Right5	<emphasis level="strong">rem</emphasis> <emphasis level="strong">5 rechts</emphasis>
Brake-Right5-Tightens	<emphasis level="strong">rem</emphasis> <emphasis level="strong">5 rechts</emphasis> <emphasis level="strong">sluit</emphasis>
Brake-RightHP	<emphasis level="strong">rem</emphasis> <emphasis level="strong">haarspeld rechts</emphasis>
Caution-BadCamber	<emphasis level="strong">attentie</emphasis> <emphasis level="strong">slechte camber</emphasis>
Caution-Brake	<emphasis level="strong">attentie</emphasis> <emphasis level="strong">rem</emphasis>
Caution-Brake-Left5	<emphasis level="strong">attentie</emphasis> <emphasis level="strong">rem</emphasis> <emphasis level="strong">5 links</emphasis>
Caution-Brake-Left5-OverCrest	<emphasis level="strong">attentie</emphasis> <emphasis level="strong">rem</emphasis> <emphasis level="strong">5 links</emphasis> <emphasis level="strong">over kam</emphasis>
Caution-Brake-Left6	<emphasis level="strong">attentie</emphasis> <emphasis level="strong">rem</emphasis> <emphasis level="strong">6 links</emphasis>
Caution-Brake-LeftKink-Into	<emphasis level="strong">attentie</emphasis> <emphasis level="strong">rem</emphasis> <emphasis level="strong">kronkel links</emphasis> naar
Caution-Brake-Right3	<emphasis level="strong">attentie</emphasis> <emphasis level="strong">rem</emphasis> <emphasis level="strong">3 rechts</emphasis>
Caution-Brake-Right5	<emphasis level="strong">attentie</emphasis> <emphasis level="strong">rem</emphasis> <emphasis level="strong">5 rechts</emphasis>
Caution-Brake-Right5-Tightens	<emphasis level="strong">attentie</emphasis> <emphasis level="strong">rem</emphasis> <emphasis level="strong">5 rechts</emphasis> <emphasis level="strong">sluit</emphasis>
Caution-Brake-RightChicane-Narrows	<emphasis level="strong">attentie</emphasis> <emphasis level="strong">rem</emphasis> <emphasis level="strong">chicane rechts</emphasis> <emphasis level="strong">versmalt</emphasis>
Caution-Brake-RightChicaneEntry	<emphasis level="strong">attentie</emphasis> <emphasis level="strong">rem</emphasis> <emphasis level="strong">chicane ingang rechts</emphasis>
Caution-Bumps	<emphasis level="strong">attentie</emphasis> <emphasis level="strong">hobbels</emphasis>
Caution-GoRight-OverJumpSmall	<emphasis level="strong">attentie</emphasis> <emphasis level="strong">rechtsaf</emphasis> <emphasis level="strong">over kleine sprong</emphasis>
Caution-HeavyBrake-Left1-DontCut	<emphasis level="strong">attentie</emphasis> <emphasis level="strong">rem hard</emphasis> <emphasis level="strong">1 links</emphasis> <emphasis level="strong">niet snijden</emphasis>
Caution-HeavyBrake-RightHP-Narrows	<emphasis level="strong">attentie</emphasis> <emphasis level="strong">rem hard</emphasis> <emphasis level="strong">haarspeld rechts</emphasis> <emphasis level="strong">versmalt</emphasis>
Caution-Into-Right4-Long-Tightens	<emphasis level="strong">attentie</emphasis> naar <emphasis level="strong">4 rechts</emphasis> <emphasis level="strong">lang</emphasis> <emphasis level="strong">sluit</emphasis>
Caution-Into-Right4-VeryLong-Tightens	<emphasis level="strong">attentie</emphasis> naar <emphasis level="strong">4 rechts</emphasis> <emphasis level="strong">extra lang</emphasis> <emphasis level="strong">sluit</emphasis>
Caution-KeepIn	<emphasis level="strong">attentie</emphasis> <emphasis level="strong">houd binnen</emphasis>
Caution-KeepRight-Narrows	<emphasis level="strong">attentie</emphasis> <emphasis level="strong">houd rechts</emphasis> <emphasis level="strong">versmalt</emphasis>
Caution-KinksStartingLeft-OverCrest	<emphasis level="strong">attentie</emphasis> <emphasis level="strong">kronkel begint links</emphasis> <emphasis level="strong">over kam</emphasis>
Caution-KinksStartingRight-OverBumps	<emphasis level="strong">attentie</emphasis> <emphasis level="strong">kronkel begint rechts</emphasis> <emphasis level="strong">over hobbels</emphasis>
Caution-Left2-Late-KeepIn	<emphasis level="strong">attentie</emphasis> <emphasis level="strong">2 links</emphasis> <emphasis level="strong">laat</emphasis> <emphasis level="strong">houd binnen</emphasis>
Caution-Left2-Short-DontCut	<emphasis level="strong">attentie</emphasis> <emphasis level="strong">2 links</emphasis> <emphasis level="strong">kort</emphasis> <emphasis level="strong">niet snijden</emphasis>
Caution-Left2-Tightens	<emphasis level="strong">attentie</emphasis> <emphasis level="strong">2 links</emphasis> <emphasis level="strong">sluit</emphasis>
Caution-Left3	<emphasis level="strong">attentie</emphasis> <emphasis level="strong">3 links</emphasis>
Caution-Left3-AtJunction-Narrows-OverCrest	<emphasis level="strong">attentie</emphasis> <emphasis level="strong">3 links</emphasis> <emphasis level="strong">bij splitsing</emphasis> <emphasis level="strong">versmalt</emphasis> <emphasis level="strong">over kam</emphasis>
Caution-Left3-DontCut	<emphasis level="strong">attentie</emphasis> <emphasis level="strong">3 links</emphasis> <emphasis level="strong">niet snijden</emphasis>
Caution-Left3-KeepIn	<emphasis level="strong">attentie</emphasis> <emphasis level="strong">3 links</emphasis> <emphasis level="strong">houd binnen</emphasis>
Caution-Left3-Long-Tightens	<emphasis level="strong">attentie</emphasis> <emphasis level="strong">3 links</emphasis> <emphasis level="strong">lang</emphasis> <emphasis level="strong">sluit</emphasis>
Caution-Left3-Narrows-OverBridge	<emphasis level="strong">attentie</emphasis> <emphasis level="strong">3 links</emphasis> <emphasis level="strong">versmalt</emphasis> <emphasis level="strong">over brug</emphasis>
Caution-Left3-Tighten2-Late	<emphasis level="strong">attentie</emphasis> <emphasis level="strong">3 links</emphasis> <emphasis level="strong">sluit 2</emphasis> <emphasis level="strong">laat</emphasis>
Caution-Left3-Tightens	<emphasis level="strong">attentie</emphasis> <emphasis level="strong">3 links</emphasis> <emphasis level="strong">sluit</emphasis>
Caution-Left4	<emphasis level="strong">attentie</emphasis> <emphasis level="strong">4 links</emphasis>
Caution-Left4-Brake	<emphasis level="strong">attentie</emphasis> <emphasis level="strong">4 links</emphasis> <emphasis level="strong">rem</emphasis>
Caution-Left4-DontCut	<emphasis level="strong">attentie</emphasis> <emphasis level="strong">4 links</emphasis> <emphasis level="strong">niet snijden</emphasis>
Caution-Left4-Long-Tightens-KeepIn	<emphasis level="strong">attentie</emphasis> <emphasis level="strong">4 links</emphasis> <emphasis level="strong">lang</emphasis> <emphasis level="strong">sluit</emphasis> <emphasis level="strong">houd binnen</emphasis>
Caution-Left5	<emphasis level="strong">attentie</emphasis> <emphasis level="strong">5 links</emphasis>
Caution-Left5-Long-DontCut	<emphasis level="strong">attentie</emphasis> <emphasis level="strong">5 links</emphasis> <emphasis level="strong">lang</emphasis> <emphasis level="strong">niet snijden</emphasis>
Caution-Left6-Brake	<emphasis level="strong">attentie</emphasis> <emphasis level="strong">6 links</emphasis> <emphasis level="strong">rem</emphasis>
Caution-LeftHP	<emphasis level="strong">attentie</emphasis> <emphasis level="strong">haarspeld links</emphasis>
Caution-LeftHP-Tightens	<emphasis level="strong">attentie</emphasis> <emphasis level="strong">haarspeld links</emphasis> <emphasis level="strong">sluit</emphasis>
Caution-LeftHP-TightensLate	<emphasis level="strong">attentie</emphasis> <emphasis level="strong">haarspeld links</emphasis> <emphasis level="strong">sluit laat</emphasis>
Caution-LeftSquare-DontCut	<emphasis level="strong">attentie</emphasis> <emphasis level="strong">haaks links</emphasis> <emphasis level="strong">niet snijden</emphasis>
Caution-LogsInside	<emphasis level="strong">attentie</emphasis> <emphasis level="strong">boomstammen binnen</emphasis>
Caution-OverCrest-Into-Right4	<emphasis level="strong">attentie</emphasis> <emphasis level="strong">over kam</emphasis> naar <emphasis level="strong">4 rechts</emphasis>
Caution-Right2	<emphasis level="strong">attentie</emphasis> <emphasis level="strong">2 rechts</emphasis>
Caution-Right3	<emphasis level="strong">attentie</emphasis> <emphasis level="strong">3 rechts</emphasis>
Caution-Right3-Brake	<emphasis level="strong">attentie</emphasis> <emphasis level="strong">3 rechts</emphasis> <emphasis level="strong">rem</emphasis>
Caution-Right3-Long-Narrows-TightensLate	<emphasis level="strong">attentie</emphasis> <emphasis level="strong">3 rechts</emphasis> <emphasis level="strong">lang</emphasis> <emphasis level="strong">versmalt</emphasis> <emphasis level="strong">sluit laat</emphasis>
Caution-Right3-Narrows	<emphasis level="strong">attentie</emphasis> <emphasis level="strong">3 rechts</emphasis> <emphasis level="strong">versmalt</emphasis>
Caution-Right3-Opens	<emphasis level="strong">attentie</emphasis> <emphasis level="strong">3 rechts</emphasis> <emphasis level="strong">opent</emphasis>
Caution-Right3-OverCrest	<emphasis level="strong">attentie</emphasis> <emphasis level="strong">3 rechts</emphasis> <emphasis level="strong">over kam</emphasis>
Caution-Right3-Tighten2	<emphasis level="strong">attentie</emphasis> <emphasis level="strong">3 rechts</emphasis> <emphasis level="strong">sluit 2</emphasis>
Caution-Right4	<emphasis level="strong">attentie</emphasis> <emphasis level="strong">4 rechts</emphasis>
Caution-Right4-Brake	<emphasis level="strong">attentie</emphasis> <emphasis level="strong">4 rechts</emphasis> <emphasis level="strong">rem</emphasis>
Caution-Right4-Long-Tightens	<emphasis level="strong">attentie</emphasis> <emphasis level="strong">4 rechts</emphasis> <emphasis level="strong">lang</emphasis> <emphasis level="strong">sluit</emphasis>
Caution-Right4-Opens	<emphasis level="strong">attentie</emphasis> <emphasis level="strong">4 rechts</emphasis> <emphasis level="strong">opent</emphasis>
Caution-Right4-Tighten2-Late	<emphasis level="strong">attentie</emphasis> <emphasis level="strong">4 rechts</emphasis> <emphasis level="strong">sluit 2</emphasis> <emphasis level="strong">laat</emphasis>
Caution-Right5	<emphasis level="strong">attentie</emphasis> <emphasis level="strong">5 rechts</emphasis>
Caution-Right5-Brake	<emphasis level="strong">attentie</emphasis> <emphasis level="strong">5 rechts</emphasis> <emphasis level="strong">rem</emphasis>
Caution-Right5-Bumps	<emphasis level="strong">attentie</emphasis> <emphasis level="strong">5 rechts</emphasis> <emphasis level="strong">hobbels</emphasis>
Caution-Right5-KeepIn	<emphasis level="strong">attentie</emphasis> <emphasis level="strong">5 rechts</emphasis> <emphasis level="strong">houd binnen</emphasis>
Caution-Right5-Long-Tighten3-Late	<emphasis level="strong">attentie</emphasis> <emphasis level="strong">5 rechts</emphasis> <emphasis level="strong">lang</emphasis> <emphasis level="strong">sluit 3</emphasis> <emphasis level="strong">laat</emphasis>
Caution-Right5-OverBumps	<emphasis level="strong">attentie</emphasis> <emphasis level="strong">5 rechts</emphasis> <emphasis level="strong">over hobbels</emphasis>
Caution-Right5-OverCrest-DontCut-KeepIn	<emphasis level="strong">attentie</emphasis> <emphasis level="strong">5 rechts</emphasis> <emphasis level="strong">over kam</emphasis> <emphasis level="strong">niet snijden</emphasis> <emphasis level="strong">houd binnen</emphasis>
Caution-Right5-Tightens	<emphasis level="strong">attentie</emphasis> <emphasis level="strong">5 rechts</emphasis> <emphasis level="strong">sluit</emphasis>
Caution-Right6-Into	<emphasis level="strong">attentie</emphasis> <emphasis level="strong">6 rechts</emphasis> naar
Caution-ThroughGate	<emphasis level="strong">attentie</emphasis> <emphasis level="strong">door poort</emphasis>
Crest-Into	<emphasis level="strong">kam</emphasis> naar
Dip-Left3-KeepIn	<emphasis level="strong">daling</emphasis> <emphasis level="strong">3 links</emphasis> <emphasis level="strong">houd binnen</emphasis>
Dist100-OverCrest	<emphasis level="strong">100</emphasis> <emphasis level="strong">over kam</emphasis>
Dist130-OverCrest	<emphasis level="strong">130</emphasis> <emphasis level="strong">over kam</emphasis>
Dist170-Widens	<emphasis level="strong">170</emphasis> <emphasis level="strong">verruimt</emphasis>
Dist200-Kinks	<emphasis level="strong">200</emphasis> <emphasis level="strong">kronkels</emphasis>
Dist200-OverCrest	<emphasis level="strong">200</emphasis> <emphasis level="strong">over kam</emphasis>
Dist250-Kinks	<emphasis level="strong">250</emphasis> <emphasis level="strong">kronkels</emphasis>
Dist250-OverBumps	<emphasis level="strong">250</emphasis> <emphasis level="strong">over hobbels</emphasis>
Dist300-Kinks	<emphasis level="strong">300</emphasis> <emphasis level="strong">kronkels</emphasis>
Dist40-Brake	<emphasis level="strong">40</emphasis> <emphasis level="strong">rem</emphasis>
Dist40-Caution-Brake-OverCrest	<emphasis level="strong">40</emphasis> <emphasis level="strong">attentie</emphasis> <emphasis level="strong">rem</emphasis> <emphasis level="strong">over kam</emphasis>
Dist40-KeepRight	<emphasis level="strong">40</emphasis> <emphasis level="strong">houd rechts</emphasis>
Dist40-Narrows	<emphasis level="strong">40</emphasis> <emphasis level="strong">versmalt</emphasis>
Dist40-OverCrest	<emphasis level="strong">40</emphasis> <emphasis level="strong">over kam</emphasis>
Dist40-OverCrest-Into	<emphasis level="strong">40</emphasis> <emphasis level="strong">over kam</emphasis> naar
Dist50-OverBumps	<emphasis level="strong">50</emphasis> <emphasis level="strong">over hobbels</emphasis>
Dist50-OverCrest	<emphasis level="strong">50</emphasis> <emphasis level="strong">over kam</emphasis>
Dist60-OverBumps	<emphasis level="strong">60</emphasis> <emphasis level="strong">over hobbels</emphasis>
Dist60-OverCrest	<emphasis level="strong">60</emphasis> <emphasis level="strong">over kam</emphasis>
Dist60-OverCrest-Brake	<emphasis level="strong">60</emphasis> <emphasis level="strong">over kam</emphasis> <emphasis level="strong">rem</emphasis>
Dist70-OverCrest	<emphasis level="strong">70</emphasis> <emphasis level="strong">over kam</emphasis>
Dist80-KeepLeft	<emphasis level="strong">80</emphasis> <emphasis level="strong">houd links</emphasis>
Dist80-OverBumps	<emphasis level="strong">80</emphasis> <emphasis level="strong">over hobbels</emphasis>
Dist80-OverCrest	<emphasis level="strong">80</emphasis> <emphasis level="strong">over kam</emphasis>
Dist80-OverCrest-KeepLeft	<emphasis level="strong">80</emphasis> <emphasis level="strong">over kam</emphasis> <emphasis level="strong">houd links</emphasis>
Dist90-OverCrest	<emphasis level="strong">90</emphasis> <emphasis level="strong">over kam</emphasis>
DontCut-KeepIn	<emphasis level="strong">niet snijden</emphasis> <emphasis level="strong">houd binnen</emphasis>
DontCut-LogsInside	<emphasis level="strong">niet snijden</emphasis> <emphasis level="strong">boomstammen binnen</emphasis>
Into-Left1	naar <emphasis level="strong">1 links</emphasis>
Into-Left1-Long	naar <emphasis level="strong">1 links</emphasis> <emphasis level="strong">lang</emphasis>
Into-Left1-Long-DontCut	naar <emphasis level="strong">1 links</emphasis> <emphasis level="strong">lang</emphasis> <emphasis level="strong">niet snijden</emphasis>
Into-Left1-Narrows	naar <emphasis level="strong">1 links</emphasis> <emphasis level="strong">versmalt</emphasis>
Into-Left1-Tightens	naar <emphasis level="strong">1 links</emphasis> <emphasis level="strong">sluit</emphasis>
Into-Left2	naar <emphasis level="strong">2 links</emphasis>
Into-Left2-Caution-DontCut	naar <emphasis level="strong">2 links</emphasis> <emphasis level="strong">attentie</emphasis> <emphasis level="strong">niet snijden</emphasis>
Into-Left2-DontCut	naar <emphasis level="strong">2 links</emphasis> <emphasis level="strong">niet snijden</emphasis>
Into-Left2-Late	naar <emphasis level="strong">2 links</emphasis> <emphasis level="strong">laat</emphasis>
Into-Left2-Long	naar <emphasis level="strong">2 links</emphasis> <emphasis level="strong">lang</emphasis>
Into-Left2-Long-Opens	naar <emphasis level="strong">2 links</emphasis> <emphasis level="strong">lang</emphasis> <emphasis level="strong">opent</emphasis>
Into-Left2-Long-OpensLate-DontCut	naar <emphasis level="strong">2 links</emphasis> <emphasis level="strong">lang</emphasis> <emphasis level="strong">opent laat</emphasis> <emphasis level="strong">niet snijden</emphasis>
Into-Left2-Long-Tighten1	naar <emphasis level="strong">2 links</emphasis> <emphasis level="strong">lang</emphasis> <emphasis level="strong">sluit 1</emphasis>
Into-Left2-Long-TightensLate	naar <emphasis level="strong">2 links</emphasis> <emphasis level="strong">lang</emphasis> <emphasis level="strong">sluit laat</emphasis>
Into-Left2-Narrows	naar <emphasis level="strong">2 links</emphasis> <emphasis level="strong">versmalt</emphasis>
Into-Left2-Short-Narrows	naar <emphasis level="strong">2 links</emphasis> <emphasis level="strong">kort</emphasis> <emphasis level="strong">versmalt</emphasis>
Into-Left2-Tighten1	naar <emphasis level="strong">2 links</emphasis> <emphasis level="strong">sluit 1</emphasis>
Into-Left2-Tightens	naar <emphasis level="strong">2 links</emphasis> <emphasis level="strong">sluit</emphasis>
Into-Left2-Tightens-DontCut	naar <emphasis level="strong">2 links</emphasis> <emphasis level="strong">sluit</emphasis> <emphasis level="strong">niet snijden</emphasis>
Into-Left2-VeryLong-TightensLate	naar <emphasis level="strong">2 links</emphasis> <emphasis level="strong">extra lang</emphasis> <emphasis level="strong">sluit laat</emphasis>
Into-Left2-Widens	naar <emphasis level="strong">2 links</emphasis> <emphasis level="strong">verruimt</emphasis>
Into-Left3	naar <emphasis level="strong">3 links</emphasis>
Into-Left3-Cut	naar <emphasis level="strong">3 links</emphasis> <emphasis level="strong">snijden</emphasis>
Into-Left3-DontCut	naar <emphasis level="strong">3 links</emphasis> <emphasis level="strong">niet snijden</emphasis>
Into-Left3-Long-Tightens	naar <emphasis level="strong">3 links</emphasis> <emphasis level="strong">lang</emphasis> <emphasis level="strong">sluit</emphasis>
Into-Left3-Long-TightensLate	naar <emphasis level="strong">3 links</emphasis> <emphasis level="strong">lang</emphasis> <emphasis level="strong">sluit laat</emphasis>
Into-Left3-Narrows-Late	naar <emphasis level="strong">3 links</emphasis> <emphasis level="strong">versmalt</emphasis> <emphasis level="strong">laat</emphasis>
Into-Left3-OverCrest	naar <emphasis level="strong">3 links</emphasis> <emphasis level="strong">over kam</emphasis>
Into-Left3-Short	naar <emphasis level="strong">3 links</emphasis> <emphasis level="strong">kort</emphasis>
Into-Left3-SmallCut	naar <emphasis level="strong">3 links</emphasis> <emphasis level="strong">beetje snijden</emphasis>
Into-Left3-Tighten1	naar <emphasis level="strong">3 links</emphasis> <emphasis level="strong">sluit 1</emphasis>
Into-Left3-Tighten2-DontCut	naar <emphasis level="strong">3 links</emphasis> <emphasis level="strong">sluit 2</emphasis> <emphasis level="strong">niet snijden</emphasis>
Into-Left3-Tighten2-Late	naar <emphasis level="strong">3 links</emphasis> <emphasis level="strong">sluit 2</emphasis> <emphasis level="strong">laat</emphasis>
Into-Left3-Tightens	naar <emphasis level="strong">3 links</emphasis> <emphasis level="strong">sluit</emphasis>
Into-Left3-Tightens-Cut	naar <emphasis level="strong">3 links</emphasis> <emphasis level="strong">sluit</emphasis> <emphasis level="strong">snijden</emphasis>
Into-Left3-Tightens-DontCut	naar <emphasis level="strong">3 links</emphasis> <emphasis level="strong">sluit</emphasis> <emphasis level="strong">niet snijden</emphasis>
Into-Left3-Tightens-OverCrest	naar <emphasis level="strong">3 links</emphasis> <emphasis level="strong">sluit</emphasis> <emphasis level="strong">over kam</emphasis>
Into-Left4	naar <emphasis level="strong">4 links</emphasis>
Into-Left4-Long	naar <emphasis level="strong">4 links</emphasis> <emphasis level="strong">lang</emphasis>
Into-Left4-Long-Tightens	naar <emphasis level="strong">4 links</emphasis> <emphasis level="strong">lang</emphasis> <emphasis level="strong">sluit</emphasis>
Into-Left4-Long-TightensLate	naar <emphasis level="strong">4 links</emphasis> <emphasis level="strong">lang</emphasis> <emphasis level="strong">sluit laat</emphasis>
Into-Left4-Opens	naar <emphasis level="strong">4 links</emphasis> <emphasis level="strong">opent</emphasis>
Into-Left4-OverCrest	naar <emphasis level="strong">4 links</emphasis> <emphasis level="strong">over kam</emphasis>
Into-Left4-Short	naar <emphasis level="strong">4 links</emphasis> <emphasis level="strong">kort</emphasis>
Into-Left4-Short-DontCut	naar <emphasis level="strong">4 links</emphasis> <emphasis level="strong">kort</emphasis> <emphasis level="strong">niet snijden</emphasis>
Into-Left4-SmallCut	naar <emphasis level="strong">4 links</emphasis> <emphasis level="strong">beetje snijden</emphasis>
Into-Left4-Tighten1-Late	naar <emphasis level="strong">4 links</emphasis> <emphasis level="strong">sluit 1</emphasis> <emphasis level="strong">laat</emphasis>
Into-Left4-Tighten2	naar <emphasis level="strong">4 links</emphasis> <emphasis level="strong">sluit 2</emphasis>
Into-Left4-Tighten3	naar <emphasis level="strong">4 links</emphasis> <emphasis level="strong">sluit 3</emphasis>
Into-Left4-Tightens-OverCrest	naar <emphasis level="strong">4 links</emphasis> <emphasis level="strong">sluit</emphasis> <emphasis level="strong">over kam</emphasis>
Into-Left5	naar <emphasis level="strong">5 links</emphasis>
Into-Left5-Long	naar <emphasis level="strong">5 links</emphasis> <emphasis level="strong">lang</emphasis>
Into-Left5-OverCrest	naar <emphasis level="strong">5 links</emphasis> <emphasis level="strong">over kam</emphasis>
Into-Left5-Short	naar <emphasis level="strong">5 links</emphasis> <emphasis level="strong">kort</emphasis>
Into-Left6	naar <emphasis level="strong">6 links</emphasis>
Into-Left6-Brake	naar <emphasis level="strong">6 links</emphasis> <emphasis level="strong">rem</emphasis>
Into-Left6-Long	naar <emphasis level="strong">6 links</emphasis> <emphasis level="strong">lang</emphasis>
Into-LeftHP	naar <emphasis level="strong">haarspeld links</emphasis>
Into-LeftHP-TightensLate	naar <emphasis level="strong">haarspeld links</emphasis> <emphasis level="strong">sluit laat</emphasis>
Into-LeftOpenHP	naar <emphasis level="strong">open haarspeld links</emphasis>
Into-LeftOpenHP-TightensLate	naar <emphasis level="strong">open haarspeld links</emphasis> <emphasis level="strong">sluit laat</emphasis>
Into-LeftSquare-DontCut	naar <emphasis level="strong">haaks links</emphasis> <emphasis level="strong">niet snijden</emphasis>
Into-Right1	naar <emphasis level="strong">1 rechts</emphasis>
Into-Right1-Late	naar <emphasis level="strong">1 rechts</emphasis> <emphasis level="strong">laat</emphasis>
Into-Right1-Long	naar <emphasis level="strong">1 rechts</emphasis> <emphasis level="strong">lang</emphasis>
Into-Right1-Long-DontCut	naar <emphasis level="strong">1 rechts</emphasis> <emphasis level="strong">lang</emphasis> <emphasis level="strong">niet snijden</emphasis>
Into-Right1-Opens	naar <emphasis level="strong">1 rechts</emphasis> <emphasis level="strong">opent</emphasis>
Into-Right1-VeryLong-Opens	naar <emphasis level="strong">1 rechts</emphasis> <emphasis level="strong">extra lang</emphasis> <emphasis level="strong">opent</emphasis>
Into-Right2	naar <emphasis level="strong">2 rechts</emphasis>
Into-Right2-DontCut	naar <emphasis level="strong">2 rechts</emphasis> <emphasis level="strong">niet snijden</emphasis>
Into-Right2-Late	naar <emphasis level="strong">2 rechts</emphasis> <emphasis level="strong">laat</emphasis>
Into-Right2-Long	naar <emphasis level="strong">2 rechts</emphasis> <emphasis level="strong">lang</emphasis>
Into-Right2-Long-DontCut	naar <emphasis level="strong">2 rechts</emphasis> <emphasis level="strong">lang</emphasis> <emphasis level="strong">niet snijden</emphasis>
Into-Right2-OverCrest-DontCut	naar <emphasis level="strong">2 rechts</emphasis> <emphasis level="strong">over kam</emphasis> <emphasis level="strong">niet snijden</emphasis>
Into-Right2-Short	naar <emphasis level="strong">2 rechts</emphasis> <emphasis level="strong">kort</emphasis>
Into-Right2-Short-Cut	naar <emphasis level="strong">2 rechts</emphasis> <emphasis level="strong">kort</emphasis> <emphasis level="strong">snijden</emphasis>
Into-Right2-Tightens	naar <emphasis level="strong">2 rechts</emphasis> <emphasis level="strong">sluit</emphasis>
Into-Right3	naar <emphasis level="strong">3 rechts</emphasis>
Into-Right3-Caution-Short-DontCut	naar <emphasis level="strong">3 rechts</emphasis> <emphasis level="strong">attentie</emphasis> <emphasis level="strong">kort</emphasis> <emphasis level="strong">niet snijden</emphasis>
Into-Right3-Caution-Tighten2-Late-DontCut	naar <emphasis level="strong">3 rechts</emphasis> <emphasis level="strong">attentie</emphasis> <emphasis level="strong">sluit 2</emphasis> <emphasis level="strong">laat</emphasis> <emphasis level="strong">niet snijden</emphasis>
Into-Right3-DontCut-KeepIn	naar <emphasis level="strong">3 rechts</emphasis> <emphasis level="strong">niet snijden</emphasis> <emphasis level="strong">houd binnen</emphasis>
Into-Right3-DontCut-Narrows	naar <emphasis level="strong">3 rechts</emphasis> <emphasis level="strong">niet snijden</emphasis> <emphasis level="strong">versmalt</emphasis>
Into-Right3-KeepIn	naar <emphasis level="strong">3 rechts</emphasis> <emphasis level="strong">houd binnen</emphasis>
Into-Right3-Long	naar <emphasis level="strong">3 rechts</emphasis> <emphasis level="strong">lang</emphasis>
Into-Right3-Long-DontCut-Late	naar <emphasis level="strong">3 rechts</emphasis> <emphasis level="strong">lang</emphasis> <emphasis level="strong">niet snijden</emphasis> <emphasis level="strong">laat</emphasis>
Into-Right3-Long-OpensLate	naar <emphasis level="strong">3 rechts</emphasis> <emphasis level="strong">lang</emphasis> <emphasis level="strong">opent laat</emphasis>
Into-Right3-Long-TightensLate	naar <emphasis level="strong">3 rechts</emphasis> <emphasis level="strong">lang</emphasis> <emphasis level="strong">sluit laat</emphasis>
Into-Right3-Opens	naar <emphasis level="strong">3 rechts</emphasis> <emphasis level="strong">opent</emphasis>
Into-Right3-Opens-DontCut	naar <emphasis level="strong">3 rechts</emphasis> <emphasis level="strong">opent</emphasis> <emphasis level="strong">niet snijden</emphasis>
Into-Right3-Short	naar <emphasis level="strong">3 rechts</emphasis> <emphasis level="strong">kort</emphasis>
Into-Right3-Short-Caution-DontCut	naar <emphasis level="strong">3 rechts</emphasis> <emphasis level="strong">kort</emphasis> <emphasis level="strong">attentie</emphasis> <emphasis level="strong">niet snijden</emphasis>
Into-Right3-Tightens	naar <emphasis level="strong">3 rechts</emphasis> <emphasis level="strong">sluit</emphasis>
Into-Right3-Tightens-DontCut	naar <emphasis level="strong">3 rechts</emphasis> <emphasis level="strong">sluit</emphasis> <emphasis level="strong">niet snijden</emphasis>
Into-Right3-Tightens-OverCrest	naar <emphasis level="strong">3 rechts</emphasis> <emphasis level="strong">sluit</emphasis> <emphasis level="strong">over kam</emphasis>
Into-Right3-TightensLate	naar <emphasis level="strong">3 rechts</emphasis> <emphasis level="strong">sluit laat</emphasis>
Into-Right3-VeryLong	naar <emphasis level="strong">3 rechts</emphasis> <emphasis level="strong">extra lang</emphasis>
Into-Right4	naar <emphasis level="strong">4 rechts</emphasis>
Into-Right4-Dip	naar <emphasis level="strong">4 rechts</emphasis> <emphasis level="strong">daling</emphasis>
Into-Right4-DontCut	naar <emphasis level="strong">4 rechts</emphasis> <emphasis level="strong">niet snijden</emphasis>
Into-Right4-KeepIn	naar <emphasis level="strong">4 rechts</emphasis> <emphasis level="strong">houd binnen</emphasis>
Into-Right4-Long	naar <emphasis level="strong">4 rechts</emphasis> <emphasis level="strong">lang</emphasis>
Into-Right4-Long-DontCut	naar <emphasis level="strong">4 rechts</emphasis> <emphasis level="strong">lang</emphasis> <emphasis level="strong">niet snijden</emphasis>
Into-Right4-Opens	naar <emphasis level="strong">4 rechts</emphasis> <emphasis level="strong">opent</emphasis>
Into-Right4-Short-DontCut	naar <emphasis level="strong">4 rechts</emphasis> <emphasis level="strong">kort</emphasis> <emphasis level="strong">niet snijden</emphasis>
Into-Right4-Short-OverCrest	naar <emphasis level="strong">4 rechts</emphasis> <emphasis level="strong">kort</emphasis> <emphasis level="strong">over kam</emphasis>
Into-Right4-Tightens	naar <emphasis level="strong">4 rechts</emphasis> <emphasis level="strong">sluit</emphasis>
Into-Right4-VeryLong	naar <emphasis level="strong">4 rechts</emphasis> <emphasis level="strong">extra lang</emphasis>
Into-Right4-VeryLong-Tighten3-Late	naar <emphasis level="strong">4 rechts</emphasis> <emphasis level="strong">extra lang</emphasis> <emphasis level="strong">sluit 3</emphasis> <emphasis level="strong">laat</emphasis>
Into-Right5	naar <emphasis level="strong">5 rechts</emphasis>
Into-Right5-KeepIn	naar <emphasis level="strong">5 rechts</emphasis> <emphasis level="strong">houd binnen</emphasis>
Into-Right5-Long	naar <emphasis level="strong">5 rechts</emphasis> <emphasis level="strong">lang</emphasis>
Into-Right5-Long-Tighten3	naar <emphasis level="strong">5 rechts</emphasis> <emphasis level="strong">lang</emphasis> <emphasis level="strong">sluit 3</emphasis>
Into-Right5-Long-Tighten4	naar <emphasis level="strong">5 rechts</emphasis> <emphasis level="strong">lang</emphasis> <emphasis level="strong">sluit 4</emphasis>
Into-Right5-Long-TightensLate	naar <emphasis level="strong">5 rechts</emphasis> <emphasis level="strong">lang</emphasis> <emphasis level="strong">sluit laat</emphasis>
Into-Right5-Opens	naar <emphasis level="strong">5 rechts</emphasis> <emphasis level="strong">opent</emphasis>
Into-Right5-OverCrest	naar <emphasis level="strong">5 rechts</emphasis> <emphasis level="strong">over kam</emphasis>
Into-Right5-OverCrest-Cut	naar <emphasis level="strong">5 rechts</emphasis> <emphasis level="strong">over kam</emphasis> <emphasis level="strong">snijden</emphasis>
Into-Right5-Short	naar <emphasis level="strong">5 rechts</emphasis> <emphasis level="strong">kort</emphasis>
Into-Right5-Tightens	naar <emphasis level="strong">5 rechts</emphasis> <emphasis level="strong">sluit</emphasis>
Into-Right5-Tightens-KeepIn	naar <emphasis level="strong">5 rechts</emphasis> <emphasis level="strong">sluit</emphasis> <emphasis level="strong">houd binnen</emphasis>
Into-Right5-VeryLong-TightensLate	naar <emphasis level="strong">5 rechts</emphasis> <emphasis level="strong">extra lang</emphasis> <emphasis level="strong">sluit laat</emphasis>
Into-Right6	naar <emphasis level="strong">6 rechts</emphasis>
Into-Right6-KeepOut	naar <emphasis level="strong">6 rechts</emphasis> <emphasis level="strong">houd buiten</emphasis>
Into-Right6-Long	naar <emphasis level="strong">6 rechts</emphasis> <emphasis level="strong">lang</emphasis>
Into-RightHP	naar <emphasis level="strong">haarspeld rechts</emphasis>
Into-RightHP-TightensLate	naar <emphasis level="strong">haarspeld rechts</emphasis> <emphasis level="strong">sluit laat</emphasis>
Into-RightOpenHP	naar <emphasis level="strong">open haarspeld rechts</emphasis>
Into-RightOpenHP-TightensLate	naar <emphasis level="strong">open haarspeld rechts</emphasis> <emphasis level="strong">sluit laat</emphasis>
Into-Sudden-LeftAcuteHP	naar <emphasis level="strong">directe</emphasis> <emphasis level="strong">scherpe haarspeld links</emphasis>
Into-Sudden-Right1	naar <emphasis level="strong">directe</emphasis> <emphasis level="strong">1 rechts</emphasis>
Into-Sudden-RightHP-TightensLate	naar <emphasis level="strong">directe</emphasis> <emphasis level="strong">haarspeld rechts</emphasis> <emphasis level="strong">sluit laat</emphasis>
Junction-GoLeft	<emphasis level="strong">splitsing</emphasis> <emphasis level="strong">linksaf</emphasis>
Junction-GoRight	<emphasis level="strong">splitsing</emphasis> <emphasis level="strong">rechtsaf</emphasis>
Junction-LeftSquare	<emphasis level="strong">splitsing</emphasis> <emphasis level="strong">haaks links</emphasis>
Junction-RightSquare	<emphasis level="strong">splitsing</emphasis> <emphasis level="strong">haaks rechts</emphasis>
KeepIn-OverCrest	<emphasis level="strong">houd binnen</emphasis> <emphasis level="strong">over kam</emphasis>
KeepRight-Into-Left5-Short	<emphasis level="strong">houd rechts</emphasis> naar <emphasis level="strong">5 links</emphasis> <emphasis level="strong">kort</emphasis>
Kinks-Dist150	<emphasis level="strong">kronkels</emphasis> <emphasis level="strong">150</emphasis>
Kinks-IntoDip	<emphasis level="strong">kronkels</emphasis> <emphasis level="strong">naar daling</emphasis>
Kinks-OverCrest	<emphasis level="strong">kronkels</emphasis> <emphasis level="strong">over kam</emphasis>
KinksStartingLeft-OverCrest	<emphasis level="strong">kronkel begint links</emphasis> <emphasis level="strong">over kam</emphasis>
KinksStartingLeft-OverCrest-Narrows	<emphasis level="strong">kronkel begint links</emphasis> <emphasis level="strong">over kam</emphasis> <emphasis level="strong">versmalt</emphasis>
KinksStartingRight-Cut	<emphasis level="strong">kronkel begint rechts</emphasis> <emphasis level="strong">snijden</emphasis>
Late-Left2-DontCut	<emphasis level="strong">laat</emphasis> <emphasis level="strong">2 links</emphasis> <emphasis level="strong">niet snijden</emphasis>
Left1-Long-Widens	<emphasis level="strong">1 links</emphasis> <emphasis level="strong">lang</emphasis> <emphasis level="strong">verruimt</emphasis>
Left1-Tightens	<emphasis level="strong">1 links</emphasis> <emphasis level="strong">sluit</emphasis>
Left2-Long	<emphasis level="strong">2 links</emphasis> <emphasis level="strong">lang</emphasis>
Left2-Long-Opens	<emphasis level="strong">2 links</emphasis> <emphasis level="strong">lang</emphasis> <emphasis level="strong">opent</emphasis>
Left2-Long-OpensLate	<emphasis level="strong">2 links</emphasis> <emphasis level="strong">lang</emphasis> <emphasis level="strong">opent laat</emphasis>
Left2-Long-SmallCut	<emphasis level="strong">2 links</emphasis> <emphasis level="strong">lang</emphasis> <emphasis level="strong">beetje snijden</emphasis>
Left2-Opens	<emphasis level="strong">2 links</emphasis> <emphasis level="strong">opent</emphasis>
Left2-Opens-OverCrest	<emphasis level="strong">2 links</emphasis> <emphasis level="strong">opent</emphasis> <emphasis level="strong">over kam</emphasis>
Left2-OpensLate	<emphasis level="strong">2 links</emphasis> <emphasis level="strong">opent laat</emphasis>
Left2-Short	<emphasis level="strong">2 links</emphasis> <emphasis level="strong">kort</emphasis>
Left2-Tighten1	<emphasis level="strong">2 links</emphasis> <emphasis level="strong">sluit 1</emphasis>
Left2-Tightens	<emphasis level="strong">2 links</emphasis> <emphasis level="strong">sluit</emphasis>
Left2-TightensLate-OverCrest-DontCut	<emphasis level="strong">2 links</emphasis> <emphasis level="strong">sluit laat</emphasis> <emphasis level="strong">over kam</emphasis> <emphasis level="strong">niet snijden</emphasis>
Left3-AfterJunction-Narrows-OverCrest	<emphasis level="strong">3 links</emphasis> <emphasis level="strong">na splitsing</emphasis> <emphasis level="strong">versmalt</emphasis> <emphasis level="strong">over kam</emphasis>
Left3-Brake	<emphasis level="strong">3 links</emphasis> <emphasis level="strong">rem</emphasis>
Left3-DontCut	<emphasis level="strong">3 links</emphasis> <emphasis level="strong">niet snijden</emphasis>
Left3-DontCut-And	<emphasis level="strong">3 links</emphasis> <emphasis level="strong">niet snijden</emphasis> en
Left3-Long	<emphasis level="strong">3 links</emphasis> <emphasis level="strong">lang</emphasis>
Left3-Long-DontCut-TightensLate	<emphasis level="strong">3 links</emphasis> <emphasis level="strong">lang</emphasis> <emphasis level="strong">niet snijden</emphasis> <emphasis level="strong">sluit laat</emphasis>
Left3-Long-Opens	<emphasis level="strong">3 links</emphasis> <emphasis level="strong">lang</emphasis> <emphasis level="strong">opent</emphasis>
Left3-Long-OpensLate	<emphasis level="strong">3 links</emphasis> <emphasis level="strong">lang</emphasis> <emphasis level="strong">opent laat</emphasis>
Left3-Long-SmallCut	<emphasis level="strong">3 links</emphasis> <emphasis level="strong">lang</emphasis> <emphasis level="strong">beetje snijden</emphasis>
Left3-Long-Tighten2	<emphasis level="strong">3 links</emphasis> <emphasis level="strong">lang</emphasis> <emphasis level="strong">sluit 2</emphasis>
Left3-Long-TightensLate	<emphasis level="strong">3 links</emphasis> <emphasis level="strong">lang</emphasis> <emphasis level="strong">sluit laat</emphasis>
Left3-Long-Widens-And-TightensLate	<emphasis level="strong">3 links</emphasis> <emphasis level="strong">lang</emphasis> <emphasis level="strong">verruimt</emphasis> en <emphasis level="strong">sluit laat</emphasis>
Left3-Narrows-OverBridge	<emphasis level="strong">3 links</emphasis> <emphasis level="strong">versmalt</emphasis> <emphasis level="strong">over brug</emphasis>
Left3-Opens	<emphasis level="strong">3 links</emphasis> <emphasis level="strong">opent</emphasis>
Left3-Opens-DontCut-Late	<emphasis level="strong">3 links</emphasis> <emphasis level="strong">opent</emphasis> <emphasis level="strong">niet snijden</emphasis> <emphasis level="strong">laat</emphasis>
Left3-Opens-Long	<emphasis level="strong">3 links</emphasis> <emphasis level="strong">opent</emphasis> <emphasis level="strong">lang</emphasis>
Left3-OverCrest	<emphasis level="strong">3 links</emphasis> <emphasis level="strong">over kam</emphasis>
Left3-Short	<emphasis level="strong">3 links</emphasis> <emphasis level="strong">kort</emphasis>
Left3-Short-SmallCut	<emphasis level="strong">3 links</emphasis> <emphasis level="strong">kort</emphasis> <emphasis level="strong">beetje snijden</emphasis>
Left3-Tighten2	<emphasis level="strong">3 links</emphasis> <emphasis level="strong">sluit 2</emphasis>
Left3-Tightens	<emphasis level="strong">3 links</emphasis> <emphasis level="strong">sluit</emphasis>
Left3-Tightens-DontCut	<emphasis level="strong">3 links</emphasis> <emphasis level="strong">sluit</emphasis> <emphasis level="strong">niet snijden</emphasis>
Left3-Tightens-DontCut-Late	<emphasis level="strong">3 links</emphasis> <emphasis level="strong">sluit</emphasis> <emphasis level="strong">niet snijden</emphasis> <emphasis level="strong">laat</emphasis>
Left3-TightensLate	<emphasis level="strong">3 links</emphasis> <emphasis level="strong">sluit laat</emphasis>
Left4-Cut	<emphasis level="strong">4 links</emphasis> <emphasis level="strong">snijden</emphasis>
Left4-DontCut	<emphasis level="strong">4 links</emphasis> <emphasis level="strong">niet snijden</emphasis>
Left4-Long	<emphasis level="strong">4 links</emphasis> <emphasis level="strong">lang</emphasis>
Left4-Long-DontCut	<emphasis level="strong">4 links</emphasis> <emphasis level="strong">lang</emphasis> <emphasis level="strong">niet snijden</emphasis>
Left4-Long-Opens	<emphasis level="strong">4 links</emphasis> <emphasis level="strong">lang</emphasis> <emphasis level="strong">opent</emphasis>
Left4-Long-OverCrest	<emphasis level="strong">4 links</emphasis> <emphasis level="strong">lang</emphasis> <emphasis level="strong">over kam</emphasis>
Left4-Long-Tighten3	<emphasis level="strong">4 links</emphasis> <emphasis level="strong">lang</emphasis> <emphasis level="strong">sluit 3</emphasis>
Left4-Long-Tighten3-DontCut	<emphasis level="strong">4 links</emphasis> <emphasis level="strong">lang</emphasis> <emphasis level="strong">sluit 3</emphasis> <emphasis level="strong">niet snijden</emphasis>
Left4-Long-Tightens-DontCut	<emphasis level="strong">4 links</emphasis> <emphasis level="strong">lang</emphasis> <emphasis level="strong">sluit</emphasis> <emphasis level="strong">niet snijden</emphasis>
Left4-Narrows	<emphasis level="strong">4 links</emphasis> <emphasis level="strong">versmalt</emphasis>
Left4-Opens-DontCut	<emphasis level="strong">4 links</emphasis> <emphasis level="strong">opent</emphasis> <emphasis level="strong">niet snijden</emphasis>
Left4-OverCrest	<emphasis level="strong">4 links</emphasis> <emphasis level="strong">over kam</emphasis>
Left4-OverCrest-DontCut-KeepIn	<emphasis level="strong">4 links</emphasis> <emphasis level="strong">over kam</emphasis> <emphasis level="strong">niet snijden</emphasis> <emphasis level="strong">houd binnen</emphasis>
Left4-Short	<emphasis level="strong">4 links</emphasis> <emphasis level="strong">kort</emphasis>
Left4-Short-DontCut	<emphasis level="strong">4 links</emphasis> <emphasis level="strong">kort</emphasis> <emphasis level="strong">niet snijden</emphasis>
Left4-Short-KeepIn	<emphasis level="strong">4 links</emphasis> <emphasis level="strong">kort</emphasis> <emphasis level="strong">houd binnen</emphasis>
Left4-Tighten3	<emphasis level="strong">4 links</emphasis> <emphasis level="strong">sluit 3</emphasis>
Left4-Tighten3-Caution-DontCut-KeepIn	<emphasis level="strong">4 links</emphasis> <emphasis level="strong">sluit 3</emphasis> <emphasis level="strong">attentie</emphasis> <emphasis level="strong">niet snijden</emphasis> <emphasis level="strong">houd binnen</emphasis>
Left4-Tighten3-OverCrest-VeryLong	<emphasis level="strong">4 links</emphasis> <emphasis level="strong">sluit 3</emphasis> <emphasis level="strong">over kam</emphasis> <emphasis level="strong">extra lang</emphasis>
Left4-Tightens	<emphasis level="strong">4 links</emphasis> <emphasis level="strong">sluit</emphasis>
Left4-Tightens-KeepIn	<emphasis level="strong">4 links</emphasis> <emphasis level="strong">sluit</emphasis> <emphasis level="strong">houd binnen</emphasis>
Left4-VeryLong	<emphasis level="strong">4 links</emphasis> <emphasis level="strong">extra lang</emphasis>
Left4-VeryLong-DontCut	<emphasis level="strong">4 links</emphasis> <emphasis level="strong">extra lang</emphasis> <emphasis level="strong">niet snijden</emphasis>
Left4-VeryLong-Opens	<emphasis level="strong">4 links</emphasis> <emphasis level="strong">extra lang</emphasis> <emphasis level="strong">opent</emphasis>
Left4-VeryLong-OverCrest-KeepIn	<emphasis level="strong">4 links</emphasis> <emphasis level="strong">extra lang</emphasis> <emphasis level="strong">over kam</emphasis> <emphasis level="strong">houd binnen</emphasis>
Left5-And	<emphasis level="strong">5 links</emphasis> en
Left5-Brake	<emphasis level="strong">5 links</emphasis> <emphasis level="strong">rem</emphasis>
Left5-DontCut	<emphasis level="strong">5 links</emphasis> <emphasis level="strong">niet snijden</emphasis>
Left5-Into	<emphasis level="strong">5 links</emphasis> naar
Left5-Long	<emphasis level="strong">5 links</emphasis> <emphasis level="strong">lang</emphasis>
Left5-Long-OverBumps	<emphasis level="strong">5 links</emphasis> <emphasis level="strong">lang</emphasis> <emphasis level="strong">over hobbels</emphasis>
Left5-Long-OverCrest	<emphasis level="strong">5 links</emphasis> <emphasis level="strong">lang</emphasis> <emphasis level="strong">over kam</emphasis>
Left5-Long-Tightens	<emphasis level="strong">5 links</emphasis> <emphasis level="strong">lang</emphasis> <emphasis level="strong">sluit</emphasis>
Left5-Long-TightensLate	<emphasis level="strong">5 links</emphasis> <emphasis level="strong">lang</emphasis> <emphasis level="strong">sluit laat</emphasis>
Left5-Opens	<emphasis level="strong">5 links</emphasis> <emphasis level="strong">opent</emphasis>
Left5-OverCrest	<emphasis level="strong">5 links</emphasis> <emphasis level="strong">over kam</emphasis>
Left5-Short-OverCrest	<emphasis level="strong">5 links</emphasis> <emphasis level="strong">kort</emphasis> <emphasis level="strong">over kam</emphasis>
Left5-Tighten3-Late	<emphasis level="strong">5 links</emphasis> <emphasis level="strong">sluit 3</emphasis> <emphasis level="strong">laat</emphasis>
Left5-Tighten4	<emphasis level="strong">5 links</emphasis> <emphasis level="strong">sluit 4</emphasis>
Left5-Tighten4-Brake	<emphasis level="strong">5 links</emphasis> <emphasis level="strong">sluit 4</emphasis> <emphasis level="strong">rem</emphasis>
Left5-Tightens-OverCrest	<emphasis level="strong">5 links</emphasis> <emphasis level="strong">sluit</emphasis> <emphasis level="strong">over kam</emphasis>
Left5-VeryLong	<emphasis level="strong">5 links</emphasis> <emphasis level="strong">extra lang</emphasis>
Left5-VeryLong-Tighten4	<emphasis level="strong">5 links</emphasis> <emphasis level="strong">extra lang</emphasis> <emphasis level="strong">sluit 4</emphasis>
Left6-DontCut-Short	<emphasis level="strong">6 links</emphasis> <emphasis level="strong">niet snijden</emphasis> <emphasis level="strong">kort</emphasis>
Left6-KeepIn	<emphasis level="strong">6 links</emphasis> <emphasis level="strong">houd binnen</emphasis>
Left6-KeepOut	<emphasis level="strong">6 links</emphasis> <emphasis level="strong">houd buiten</emphasis>
Left6-Long	<emphasis level="strong">6 links</emphasis> <emphasis level="strong">lang</emphasis>
Left6-Long-DontCut	<emphasis level="strong">6 links</emphasis> <emphasis level="strong">lang</emphasis> <emphasis level="strong">niet snijden</emphasis>
Left6-Long-OverBump-DontCut	<emphasis level="strong">6 links</emphasis> <emphasis level="strong">lang</emphasis> <emphasis level="strong">over hobbel</emphasis> <emphasis level="strong">niet snijden</emphasis>
Left6-OverBump	<emphasis level="strong">6 links</emphasis> <emphasis level="strong">over hobbel</emphasis>
Left6-OverCrest	<emphasis level="strong">6 links</emphasis> <emphasis level="strong">over kam</emphasis>
Left6-Short-DontCut	<emphasis level="strong">6 links</emphasis> <emphasis level="strong">kort</emphasis> <emphasis level="strong">niet snijden</emphasis>
Left6-Tighten5	<emphasis level="strong">6 links</emphasis> <emphasis level="strong">sluit 5</emphasis>
Left6-VeryLong-Tightens	<emphasis level="strong">6 links</emphasis> <emphasis level="strong">extra lang</emphasis> <emphasis level="strong">sluit</emphasis>
LeftFlat-DontCut	<emphasis level="strong">vol links</emphasis> <emphasis level="strong">niet snijden</emphasis>
LeftFlat-IntoDip	<emphasis level="strong">vol links</emphasis> <emphasis level="strong">naar daling</emphasis>
LeftFlat-KeepLeft	<emphasis level="strong">vol links</emphasis> <emphasis level="strong">houd links</emphasis>
LeftFlat-Long	<emphasis level="strong">vol links</emphasis> <emphasis level="strong">lang</emphasis>
LeftFlat-OverBridge	<emphasis level="strong">vol links</emphasis> <emphasis level="strong">over brug</emphasis>
LeftFlat-OverCrest	<emphasis level="strong">vol links</emphasis> <emphasis level="strong">over kam</emphasis>
LeftHP-Opens-UpHill	<emphasis level="strong">haarspeld links</emphasis> <emphasis level="strong">opent</emphasis> <emphasis level="strong">heuvel op</emphasis>
LeftHP-TightensLate	<emphasis level="strong">haarspeld links</emphasis> <emphasis level="strong">sluit laat</emphasis>
LeftKink-KeepRight	<emphasis level="strong">kronkel links</emphasis> <emphasis level="strong">houd rechts</emphasis>
LeftOpenHP-Narrows-Late	<emphasis level="strong">open haarspeld links</emphasis> <emphasis level="strong">versmalt</emphasis> <emphasis level="strong">laat</emphasis>
Opens-And-Tightens	<emphasis level="strong">opent</emphasis> en <emphasis level="strong">sluit</emphasis>
Opens-And-TightensLate	<emphasis level="strong">opent</emphasis> en <emphasis level="strong">sluit laat</emphasis>
Over-Finish	over <emphasis level="strong">finish</emphasis>
Over-JumpMaybe	over <emphasis level="strong">sprong misschien</emphasis>
OverBump-Into-Right4-DontCut	<emphasis level="strong">over hobbel</emphasis> naar <emphasis level="strong">4 rechts</emphasis> <emphasis level="strong">niet snijden</emphasis>
OverCrest-Dist80	<emphasis level="strong">over kam</emphasis> <emphasis level="strong">80</emphasis>
OverCrest-Into-Right1-Long-Opens	<emphasis level="strong">over kam</emphasis> naar <emphasis level="strong">1 rechts</emphasis> <emphasis level="strong">lang</emphasis> <emphasis level="strong">opent</emphasis>
OverCrest-Into-Right3-Short	<emphasis level="strong">over kam</emphasis> naar <emphasis level="strong">3 rechts</emphasis> <emphasis level="strong">kort</emphasis>
OverCrest-Into-Right4-Long	<emphasis level="strong">over kam</emphasis> naar <emphasis level="strong">4 rechts</emphasis> <emphasis level="strong">lang</emphasis>
OverCrest-Into-Right4-Long-Opens	<emphasis level="strong">over kam</emphasis> naar <emphasis level="strong">4 rechts</emphasis> <emphasis level="strong">lang</emphasis> <emphasis level="strong">opent</emphasis>
OverCrest-Into-Right5	<emphasis level="strong">over kam</emphasis> naar <emphasis level="strong">5 rechts</emphasis>
Right1-DontCut	<emphasis level="strong">1 rechts</emphasis> <emphasis level="strong">niet snijden</emphasis>
Right1-Long-Tightens	<emphasis level="strong">1 rechts</emphasis> <emphasis level="strong">lang</emphasis> <emphasis level="strong">sluit</emphasis>
Right1-Long-TightensLate	<emphasis level="strong">1 rechts</emphasis> <emphasis level="strong">lang</emphasis> <emphasis level="strong">sluit laat</emphasis>
Right2-Caution-Tightens-OverBridge	<emphasis level="strong">2 rechts</emphasis> <emphasis level="strong">attentie</emphasis> <emphasis level="strong">sluit</emphasis> <emphasis level="strong">over brug</emphasis>
Right2-DontCut	<emphasis level="strong">2 rechts</emphasis> <emphasis level="strong">niet snijden</emphasis>
Right2-KeepIn	<emphasis level="strong">2 rechts</emphasis> <emphasis level="strong">houd binnen</emphasis>
Right2-Long	<emphasis level="strong">2 rechts</emphasis> <emphasis level="strong">lang</emphasis>
Right2-Long-Opens	<emphasis level="strong">2 rechts</emphasis> <emphasis level="strong">lang</emphasis> <emphasis level="strong">opent</emphasis>
Right2-Long-Opens-DontCut	<emphasis level="strong">2 rechts</emphasis> <emphasis level="strong">lang</emphasis> <emphasis level="strong">opent</emphasis> <emphasis level="strong">niet snijden</emphasis>
Right2-Opens	<emphasis level="strong">2 rechts</emphasis> <emphasis level="strong">opent</emphasis>
Right2-Opens-DontCut	<emphasis level="strong">2 rechts</emphasis> <emphasis level="strong">opent</emphasis> <emphasis level="strong">niet snijden</emphasis>
Right2-Opens-Long	<emphasis level="strong">2 rechts</emphasis> <emphasis level="strong">opent</emphasis> <emphasis level="strong">lang</emphasis>
Right2-OpensLate	<emphasis level="strong">2 rechts</emphasis> <emphasis level="strong">opent laat</emphasis>
Right2-SmallCut	<emphasis level="strong">2 rechts</emphasis> <emphasis level="strong">beetje snijden</emphasis>
Right2-Tighten1	<emphasis level="strong">2 rechts</emphasis> <emphasis level="strong">sluit 1</emphasis>
Right2-Tightens	<emphasis level="strong">2 rechts</emphasis> <emphasis level="strong">sluit</emphasis>
Right2-Tightens-DontCut	<emphasis level="strong">2 rechts</emphasis> <emphasis level="strong">sluit</emphasis> <emphasis level="strong">niet snijden</emphasis>
Right2-TightensLate	<emphasis level="strong">2 rechts</emphasis> <emphasis level="strong">sluit laat</emphasis>
Right3-Caution-DontCut-KeepIn	<emphasis level="strong">3 rechts</emphasis> <emphasis level="strong">attentie</emphasis> <emphasis level="strong">niet snijden</emphasis> <emphasis level="strong">houd binnen</emphasis>
Right3-DontCut	<emphasis level="strong">3 rechts</emphasis> <emphasis level="strong">niet snijden</emphasis>
Right3-KeepIn	<emphasis level="strong">3 rechts</emphasis> <emphasis level="strong">houd binnen</emphasis>
Right3-Long	<emphasis level="strong">3 rechts</emphasis> <emphasis level="strong">lang</emphasis>
Right3-Long-Narrows-TightensLate	<emphasis level="strong">3 rechts</emphasis> <emphasis level="strong">lang</emphasis> <emphasis level="strong">versmalt</emphasis> <emphasis level="strong">sluit laat</emphasis>
Right3-Long-Opens	<emphasis level="strong">3 rechts</emphasis> <emphasis level="strong">lang</emphasis> <emphasis level="strong">opent</emphasis>
Right3-Long-Tighten2-Late	<emphasis level="strong">3 rechts</emphasis> <emphasis level="strong">lang</emphasis> <emphasis level="strong">sluit 2</emphasis> <emphasis level="strong">laat</emphasis>
Right3-Long-TightensLate	<emphasis level="strong">3 rechts</emphasis> <emphasis level="strong">lang</emphasis> <emphasis level="strong">sluit laat</emphasis>
Right3-Long-TightensLate-SmallCut	<emphasis level="strong">3 rechts</emphasis> <emphasis level="strong">lang</emphasis> <emphasis level="strong">sluit laat</emphasis> <emphasis level="strong">beetje snijden</emphasis>
Right3-Opens	<emphasis level="strong">3 rechts</emphasis> <emphasis level="strong">opent</emphasis>
Right3-OverCrest-Widens	<emphasis level="strong">3 rechts</emphasis> <emphasis level="strong">over kam</emphasis> <emphasis level="strong">verruimt</emphasis>
Right3-Short	<emphasis level="strong">3 rechts</emphasis> <emphasis level="strong">kort</emphasis>
Right3-Short-DontCut-KeepIn	<emphasis level="strong">3 rechts</emphasis> <emphasis level="strong">kort</emphasis> <emphasis level="strong">niet snijden</emphasis> <emphasis level="strong">houd binnen</emphasis>
Right3-Short-KeepIn	<emphasis level="strong">3 rechts</emphasis> <emphasis level="strong">kort</emphasis> <emphasis level="strong">houd binnen</emphasis>
Right3-Tighten2-Late	<emphasis level="strong">3 rechts</emphasis> <emphasis level="strong">sluit 2</emphasis> <emphasis level="strong">laat</emphasis>
Right3-Tightens	<emphasis level="strong">3 rechts</emphasis> <emphasis level="strong">sluit</emphasis>
Right3-Tightens-DontCut	<emphasis level="strong">3 rechts</emphasis> <emphasis level="strong">sluit</emphasis> <emphasis level="strong">niet snijden</emphasis>
Right3-Tightens-IntoDip	<emphasis level="strong">3 rechts</emphasis> <emphasis level="strong">sluit</emphasis> <emphasis level="strong">naar daling</emphasis>
Right3-Tightens-SmallCut	<emphasis level="strong">3 rechts</emphasis> <emphasis level="strong">sluit</emphasis> <emphasis level="strong">beetje snijden</emphasis>
Right3-TightensLate-DontCut	<emphasis level="strong">3 rechts</emphasis> <emphasis level="strong">sluit laat</emphasis> <emphasis level="strong">niet snijden</emphasis>
Right4-BadCamber	<emphasis level="strong">4 rechts</emphasis> <emphasis level="strong">slechte camber</emphasis>
Right4-Brake	<emphasis level="strong">4 rechts</emphasis> <emphasis level="strong">rem</emphasis>
Right4-Caution-IntoDip	<emphasis level="strong">4 rechts</emphasis> <emphasis level="strong">attentie</emphasis> <emphasis level="strong">naar daling</emphasis>
Right4-DontCut	<emphasis level="strong">4 rechts</emphasis> <emphasis level="strong">niet snijden</emphasis>
Right4-DontCut-Late	<emphasis level="strong">4 rechts</emphasis> <emphasis level="strong">niet snijden</emphasis> <emphasis level="strong">laat</emphasis>
Right4-KeepIn	<emphasis level="strong">4 rechts</emphasis> <emphasis level="strong">houd binnen</emphasis>
Right4-Long	<emphasis level="strong">4 rechts</emphasis> <emphasis level="strong">lang</emphasis>
Right4-Long-Tighten1-Late	<emphasis level="strong">4 rechts</emphasis> <emphasis level="strong">lang</emphasis> <emphasis level="strong">sluit 1</emphasis> <emphasis level="strong">laat</emphasis>
Right4-Long-Tightens	<emphasis level="strong">4 rechts</emphasis> <emphasis level="strong">lang</emphasis> <emphasis level="strong">sluit</emphasis>
Right4-Long-TightensLate	<emphasis level="strong">4 rechts</emphasis> <emphasis level="strong">lang</emphasis> <emphasis level="strong">sluit laat</emphasis>
Right4-Opens	<emphasis level="strong">4 rechts</emphasis> <emphasis level="strong">opent</emphasis>
Right4-OverBumps	<emphasis level="strong">4 rechts</emphasis> <emphasis level="strong">over hobbels</emphasis>
Right4-OverCrest	<emphasis level="strong">4 rechts</emphasis> <emphasis level="strong">over kam</emphasis>
Right4-Short	<emphasis level="strong">4 rechts</emphasis> <emphasis level="strong">kort</emphasis>
Right4-Short-KeepIn	<emphasis level="strong">4 rechts</emphasis> <emphasis level="strong">kort</emphasis> <emphasis level="strong">houd binnen</emphasis>
Right4-Short-OverCrest	<emphasis level="strong">4 rechts</emphasis> <emphasis level="strong">kort</emphasis> <emphasis level="strong">over kam</emphasis>
Right4-SmallCut	<emphasis level="strong">4 rechts</emphasis> <emphasis level="strong">beetje snijden</emphasis>
Right4-Tighten3-Late	<emphasis level="strong">4 rechts</emphasis> <emphasis level="strong">sluit 3</emphasis> <emphasis level="strong">laat</emphasis>
Right4-Tighten3-Late-DontCut	<emphasis level="strong">4 rechts</emphasis> <emphasis level="strong">sluit 3</emphasis> <emphasis level="strong">laat</emphasis> <emphasis level="strong">niet snijden</emphasis>
Right4-Tightens	<emphasis level="strong">4 rechts</emphasis> <emphasis level="strong">sluit</emphasis>
Right4-Tightens-DontCut	<emphasis level="strong">4 rechts</emphasis> <emphasis level="strong">sluit</emphasis> <emphasis level="strong">niet snijden</emphasis>
Right4-Tightens-OverCrest	<emphasis level="strong">4 rechts</emphasis> <emphasis level="strong">sluit</emphasis> <emphasis level="strong">over kam</emphasis>
Right4-VeryLong-OverCrest	<emphasis level="strong">4 rechts</emphasis> <emphasis level="strong">extra lang</emphasis> <emphasis level="strong">over kam</emphasis>
Right4-VeryLong-TightensLate	<emphasis level="strong">4 rechts</emphasis> <emphasis level="strong">extra lang</emphasis> <emphasis level="strong">sluit laat</emphasis>
Right5-Brake	<emphasis level="strong">5 rechts</emphasis> <emphasis level="strong">rem</emphasis>
Right5-DontCut	<emphasis level="strong">5 rechts</emphasis> <emphasis level="strong">niet snijden</emphasis>
Right5-KeepIn	<emphasis level="strong">5 rechts</emphasis> <emphasis level="strong">houd binnen</emphasis>
Right5-KeepOut	<emphasis level="strong">5 rechts</emphasis> <emphasis level="strong">houd buiten</emphasis>
Right5-Long	<emphasis level="strong">5 rechts</emphasis> <emphasis level="strong">lang</emphasis>
Right5-Long-Opens	<emphasis level="strong">5 rechts</emphasis> <emphasis level="strong">lang</emphasis> <emphasis level="strong">opent</emphasis>
Right5-Long-Opens-OverCrest	<emphasis level="strong">5 rechts</emphasis> <emphasis level="strong">lang</emphasis> <emphasis level="strong">opent</emphasis> <emphasis level="strong">over kam</emphasis>
Right5-Long-OverCrest-KeepIn	<emphasis level="strong">5 rechts</emphasis> <emphasis level="strong">lang</emphasis> <emphasis level="strong">over kam</emphasis> <emphasis level="strong">houd binnen</emphasis>
Right5-Short	<emphasis level="strong">5 rechts</emphasis> <emphasis level="strong">kort</emphasis>
Right5-SlowDown	<emphasis level="strong">5 rechts</emphasis> <emphasis level="strong">langzaam</emphasis>
Right5-VeryLong	<emphasis level="strong">5 rechts</emphasis> <emphasis level="strong">extra lang</emphasis>
Right5-VeryLong-TightensLate	<emphasis level="strong">5 rechts</emphasis> <emphasis level="strong">extra lang</emphasis> <emphasis level="strong">sluit laat</emphasis>
Right6-Brake	<emphasis level="strong">6 rechts</emphasis> <emphasis level="strong">rem</emphasis>
Right6-DontCut	<emphasis level="strong">6 rechts</emphasis> <emphasis level="strong">niet snijden</emphasis>
Right6-KeepIn	<emphasis level="strong">6 rechts</emphasis> <emphasis level="strong">houd binnen</emphasis>
Right6-Long	<emphasis level="strong">6 rechts</emphasis> <emphasis level="strong">lang</emphasis>
Right6-OverCrest	<emphasis level="strong">6 rechts</emphasis> <emphasis level="strong">over kam</emphasis>
Right6-Short	<emphasis level="strong">6 rechts</emphasis> <emphasis level="strong">kort</emphasis>
Right6-Short-DontCut	<emphasis level="strong">6 rechts</emphasis> <emphasis level="strong">kort</emphasis> <emphasis level="strong">niet snijden</emphasis>
Right6-ThroughTunnel	<emphasis level="strong">6 rechts</emphasis> <emphasis level="strong">door tunnel</emphasis>
Right6-Tightens	<emphasis level="strong">6 rechts</emphasis> <emphasis level="strong">sluit</emphasis>
Right6-TightensLate	<emphasis level="strong">6 rechts</emphasis> <emphasis level="strong">sluit laat</emphasis>
RightFlat-OverBridge	<emphasis level="strong">vol rechts</emphasis> <emphasis level="strong">over brug</emphasis>
RightFlat-OverCrest	<emphasis level="strong">vol rechts</emphasis> <emphasis level="strong">over kam</emphasis>
RightHP-Opens	<emphasis level="strong">haarspeld rechts</emphasis> <emphasis level="strong">opent</emphasis>
RightKink-Into	<emphasis level="strong">kronkel rechts</emphasis> naar
SlowDown-And-StopAtMarshals	<emphasis level="strong">langzaam</emphasis> en <emphasis level="strong">stop bij de marshals</emphasis>
SlowDown-Right4-Tightens	<emphasis level="strong">langzaam</emphasis> <emphasis level="strong">4 rechts</emphasis> <emphasis level="strong">sluit</emphasis>
SlowDown-StopAtMarshals	<emphasis level="strong">langzaam</emphasis> <emphasis level="strong">stop bij de marshals</emphasis>
SmallCut-KeepIn	<emphasis level="strong">beetje snijden</emphasis> <emphasis level="strong">houd binnen</emphasis>
Sudden-Right4	<emphasis level="strong">directe</emphasis> <emphasis level="strong">4 rechts</emphasis>
Tighten2-Late	<emphasis level="strong">sluit 2</emphasis> <emphasis level="strong">laat</emphasis>
Tighten3-Late	<emphasis level="strong">sluit 3</emphasis> <emphasis level="strong">laat</emphasis>
Tighten4-Late-KeepIn	<emphasis level="strong">sluit 4</emphasis> <emphasis level="strong">laat</emphasis> <emphasis level="strong">houd binnen</emphasis>
